{"cameraMode":{"drawMode":0,"name":"Shaded","section":"Shading Mode"},"sceneLighting":false,"audioPlay":false,"sceneViewState":{"m_AlwaysRefresh":false,"showFog":true,"showSkybox":false,"showFlares":true,"showImageEffects":true,"showParticleSystems":true,"showVisualEffectGraphs":true,"m_FxEnabled":false},"in2DMode":false,"pivot":{"x":0.07212305068969727,"y":3.744917392730713,"z":-0.37596893310546877},"rotation":{"x":0.16812282800674439,"y":-0.2654656767845154,"z":0.04708540439605713,"w":0.9481090307235718},"size":12.131277084350586,"orthographic":false}