{"cameraMode":{"drawMode":0,"name":"Shaded","section":"Shading Mode"},"sceneLighting":false,"audioPlay":false,"sceneViewState":{"m_AlwaysRefresh":false,"showFog":true,"showSkybox":false,"showFlares":true,"showImageEffects":true,"showParticleSystems":true,"showVisualEffectGraphs":true,"m_FxEnabled":false},"in2DMode":false,"pivot":{"x":0.17533016204833985,"y":4.578897476196289,"z":0.21773815155029298},"rotation":{"x":-0.056961532682180408,"y":-0.0030024524312466385,"z":-0.0001218469042214565,"w":0.9982995390892029},"size":14.780314445495606,"orthographic":false}