{"cameraMode":{"drawMode":0,"name":"Shaded","section":"Shading Mode"},"sceneLighting":false,"audioPlay":false,"sceneViewState":{"m_AlwaysRefresh":false,"showFog":true,"showSkybox":false,"showFlares":true,"showImageEffects":true,"showParticleSystems":true,"showVisualEffectGraphs":true,"m_FxEnabled":false},"in2DMode":false,"pivot":{"x":3.0064709186553957,"y":-12.19324779510498,"z":-25.657867431640626},"rotation":{"x":-0.037782516330480579,"y":0.030569134280085565,"z":-0.00115549610927701,"w":-0.9988225698471069},"size":0.2669268250465393,"orthographic":false}