{"cameraMode":{"drawMode":0,"name":"Shaded","section":"Shading Mode"},"sceneLighting":false,"audioPlay":false,"sceneViewState":{"m_AlwaysRefresh":false,"showFog":true,"showSkybox":false,"showFlares":true,"showImageEffects":true,"showParticleSystems":true,"showVisualEffectGraphs":true,"m_FxEnabled":false},"in2DMode":false,"pivot":{"x":-0.16960054636001588,"y":0.3943760395050049,"z":0.2563135623931885},"rotation":{"x":0.12268286943435669,"y":-0.005955701693892479,"z":0.0007699949783273041,"w":0.9923635125160217},"size":1.4221198558807374,"orthographic":false}