{"cameraMode":{"drawMode":0,"name":"Shaded","section":"Shading Mode"},"sceneLighting":false,"audioPlay":false,"sceneViewState":{"m_AlwaysRefresh":false,"showFog":true,"showSkybox":false,"showFlares":true,"showImageEffects":true,"showParticleSystems":true,"showVisualEffectGraphs":true,"m_FxEnabled":false},"in2DMode":false,"pivot":{"x":-0.1150209903717041,"y":-0.14521336555480958,"z":-0.15901684761047364},"rotation":{"x":0.16812282800674439,"y":-0.2654656767845154,"z":0.04708540439605713,"w":0.9481090307235718},"size":2.9931113719940187,"orthographic":false}