{"cameraMode":{"drawMode":0,"name":"Shaded","section":"Shading Mode"},"sceneLighting":false,"audioPlay":false,"sceneViewState":{"m_AlwaysRefresh":false,"showFog":true,"showSkybox":false,"showFlares":true,"showImageEffects":true,"showParticleSystems":true,"showVisualEffectGraphs":true,"m_FxEnabled":false},"in2DMode":false,"pivot":{"x":45.57217788696289,"y":6.251099109649658,"z":-3.475269317626953},"rotation":{"x":-0.0003090550017077476,"y":0.0005958791589364409,"z":5.25817199559242e-7,"w":-1.0000025033950806},"size":0.3061862289905548,"orthographic":true}