{"cameraMode":{"drawMode":0,"name":"Shaded","section":"Shading Mode"},"sceneLighting":false,"audioPlay":false,"sceneViewState":{"m_AlwaysRefresh":false,"showFog":true,"showSkybox":false,"showFlares":true,"showImageEffects":true,"showParticleSystems":true,"showVisualEffectGraphs":true,"m_FxEnabled":false},"in2DMode":false,"pivot":{"x":-0.01905083656311035,"y":0.4600161910057068,"z":-0.4557170867919922},"rotation":{"x":0.2434898465871811,"y":-0.3199162781238556,"z":0.08544988930225373,"w":0.9116352796554565},"size":3.2153358459472658,"orthographic":false}