{"cameraMode":{"drawMode":0,"name":"Shaded","section":"Shading Mode"},"sceneLighting":false,"audioPlay":false,"sceneViewState":{"m_AlwaysRefresh":false,"showFog":true,"showSkybox":false,"showFlares":true,"showImageEffects":true,"showParticleSystems":true,"showVisualEffectGraphs":true,"m_FxEnabled":false},"in2DMode":false,"pivot":{"x":-0.11954348534345627,"y":-18.99341583251953,"z":1.2175315618515015},"rotation":{"x":0.006773027591407299,"y":0.6265197992324829,"z":0.005445901304483414,"w":-0.7793819904327393},"size":2.776740074157715,"orthographic":true}