{"cameraMode":{"drawMode":0,"name":"Shaded","section":"Shading Mode"},"sceneLighting":true,"audioPlay":false,"sceneViewState":{"m_AlwaysRefresh":false,"showFog":true,"showSkybox":true,"showFlares":true,"showImageEffects":true,"showParticleSystems":true,"showVisualEffectGraphs":true,"m_FxEnabled":false},"in2DMode":false,"pivot":{"x":20.457021713256837,"y":301.3675231933594,"z":-1717.4073486328125},"rotation":{"x":-0.08271288126707077,"y":-0.005385326221585274,"z":0.0004474192392081022,"w":-0.9965519309043884},"size":1.0758352279663087,"orthographic":true}