{"cameraMode":{"drawMode":0,"name":"Shaded","section":"Shading Mode"},"sceneLighting":true,"audioPlay":false,"sceneViewState":{"m_AlwaysRefresh":false,"showFog":true,"showSkybox":true,"showFlares":true,"showImageEffects":true,"showParticleSystems":true,"showVisualEffectGraphs":true,"m_FxEnabled":false},"in2DMode":false,"pivot":{"x":47.158504486083987,"y":8.821097373962403,"z":-85.57234954833985},"rotation":{"x":0.0030007152818143369,"y":-0.007205064874142408,"z":0.00002073121868306771,"w":0.9999638199806213},"size":49.994590759277347,"orthographic":true}