{"cameraMode":{"drawMode":0,"name":"Shaded","section":"Shading Mode"},"sceneLighting":true,"audioPlay":false,"sceneViewState":{"m_AlwaysRefresh":false,"showFog":true,"showSkybox":true,"showFlares":true,"showImageEffects":true,"showParticleSystems":true,"showVisualEffectGraphs":true,"m_FxEnabled":false},"in2DMode":false,"pivot":{"x":51.521541595458987,"y":4.457378387451172,"z":-4.046258926391602},"rotation":{"x":0.3380542993545532,"y":-0.02541002817451954,"z":0.009127350524067879,"w":0.9406716227531433},"size":15.234713554382325,"orthographic":false}