{"cameraMode":{"drawMode":0,"name":"Shaded","section":"Shading Mode"},"sceneLighting":true,"audioPlay":false,"sceneViewState":{"m_AlwaysRefresh":false,"showFog":true,"showSkybox":true,"showFlares":true,"showImageEffects":true,"showParticleSystems":true,"showVisualEffectGraphs":true,"m_FxEnabled":false},"in2DMode":false,"pivot":{"x":114.29049682617188,"y":68.2049560546875,"z":-127.77749633789063},"rotation":{"x":-0.005998182576149702,"y":0.01950034871697426,"z":0.00010635914077283815,"w":0.9998074173927307},"size":122.09774017333985,"orthographic":true}