{"cameraMode":{"drawMode":0,"name":"Shaded","section":"Shading Mode"},"sceneLighting":true,"audioPlay":false,"sceneViewState":{"m_AlwaysRefresh":false,"showFog":true,"showSkybox":true,"showFlares":true,"showImageEffects":true,"showParticleSystems":true,"showVisualEffectGraphs":true,"m_FxEnabled":false},"in2DMode":false,"pivot":{"x":271.8442687988281,"y":33.002044677734378,"z":-22.806856155395509},"rotation":{"x":0.07335123419761658,"y":-0.046360816806554797,"z":0.0033824073616415264,"w":0.9961034655570984},"size":61.14033508300781,"orthographic":false}