{"cameraMode":{"drawMode":0,"name":"Shaded","section":"Shading Mode"},"sceneLighting":true,"audioPlay":false,"sceneViewState":{"m_AlwaysRefresh":false,"showFog":true,"showSkybox":true,"showFlares":true,"showImageEffects":true,"showParticleSystems":true,"showVisualEffectGraphs":true,"m_FxEnabled":false},"in2DMode":false,"pivot":{"x":112.43568420410156,"y":32.49205017089844,"z":-15.482219696044922},"rotation":{"x":-0.0018090208759531379,"y":-0.0009038513526320457,"z":0.0000022124188490124654,"w":-1.0000020265579224},"size":35.0217170715332,"orthographic":true}