{"cameraMode":{"drawMode":0,"name":"Shaded","section":"Shading Mode"},"sceneLighting":true,"audioPlay":false,"sceneViewState":{"m_AlwaysRefresh":false,"showFog":true,"showSkybox":true,"showFlares":true,"showImageEffects":true,"showParticleSystems":true,"showVisualEffectGraphs":true,"m_FxEnabled":false},"in2DMode":false,"pivot":{"x":50.3955078125,"y":25.609081268310548,"z":-4.1944580078125},"rotation":{"x":0.0000010374569683335722,"y":0.0002957406686618924,"z":-0.0000011632714631559793,"w":0.9999911189079285},"size":32.82008743286133,"orthographic":true}