{"cameraMode":{"drawMode":0,"name":"Shaded","section":"Shading Mode"},"sceneLighting":true,"audioPlay":false,"sceneViewState":{"m_AlwaysRefresh":false,"showFog":true,"showSkybox":true,"showFlares":true,"showImageEffects":true,"showParticleSystems":true,"showVisualEffectGraphs":true,"m_FxEnabled":false},"in2DMode":false,"pivot":{"x":90.14053344726563,"y":439.7738037109375,"z":-1634.3614501953125},"rotation":{"x":-0.11999793350696564,"y":0.018460556864738466,"z":-0.0022313452791422607,"w":-0.9925952553749085},"size":70.41473388671875,"orthographic":true}