{"cameraMode":{"drawMode":0,"name":"Shaded","section":"Shading Mode"},"sceneLighting":true,"audioPlay":false,"sceneViewState":{"m_AlwaysRefresh":false,"showFog":true,"showSkybox":true,"showFlares":true,"showImageEffects":true,"showParticleSystems":true,"showVisualEffectGraphs":true,"m_FxEnabled":false},"in2DMode":false,"pivot":{"x":330.21014404296877,"y":1013.53466796875,"z":34.17253875732422},"rotation":{"x":-0.0018090049270540476,"y":0.005096216220408678,"z":-0.000008215001798816957,"w":-0.9999904632568359},"size":115.63656616210938,"orthographic":true}