{"cameraMode":{"drawMode":0,"name":"Shaded","section":"Shading Mode"},"sceneLighting":true,"audioPlay":false,"sceneViewState":{"m_AlwaysRefresh":false,"showFog":true,"showSkybox":true,"showFlares":true,"showImageEffects":true,"showParticleSystems":true,"showVisualEffectGraphs":true,"m_FxEnabled":false},"in2DMode":false,"pivot":{"x":40.66050720214844,"y":14.144563674926758,"z":-16.902542114257814},"rotation":{"x":-0.001499268226325512,"y":0.0002949967747554183,"z":6.836589250269754e-8,"w":0.9999951124191284},"size":40.11820983886719,"orthographic":true}