{"cameraMode":{"drawMode":0,"name":"Shaded","section":"Shading Mode"},"sceneLighting":true,"audioPlay":false,"sceneViewState":{"m_AlwaysRefresh":false,"showFog":true,"showSkybox":true,"showFlares":true,"showImageEffects":true,"showParticleSystems":true,"showVisualEffectGraphs":true,"m_FxEnabled":false},"in2DMode":false,"pivot":{"x":53.97904968261719,"y":26.194032669067384,"z":-8.12075138092041},"rotation":{"x":0.0026909909211099149,"y":0.0005962181021459401,"z":0.000002606716861919267,"w":-1.0000003576278687},"size":35.29487991333008,"orthographic":true}