{"cameraMode":{"drawMode":0,"name":"Shaded","section":"Shading Mode"},"sceneLighting":true,"audioPlay":false,"sceneViewState":{"m_AlwaysRefresh":false,"showFog":true,"showSkybox":true,"showFlares":true,"showImageEffects":true,"showParticleSystems":true,"showVisualEffectGraphs":true,"m_FxEnabled":false},"in2DMode":false,"pivot":{"x":54.644535064697269,"y":24.368209838867189,"z":-14.04110336303711},"rotation":{"x":-0.0018090208759531379,"y":-0.0009038513526320457,"z":0.0000022124188490124654,"w":-1.0000020265579224},"size":16.746929168701173,"orthographic":true}