{"cameraMode":{"drawMode":0,"name":"Shaded","section":"Shading Mode"},"sceneLighting":true,"audioPlay":false,"sceneViewState":{"m_AlwaysRefresh":false,"showFog":true,"showSkybox":true,"showFlares":true,"showImageEffects":true,"showParticleSystems":true,"showVisualEffectGraphs":true,"m_FxEnabled":false},"in2DMode":false,"pivot":{"x":-7.104633331298828,"y":28.464885711669923,"z":7.292070388793945},"rotation":{"x":-0.14018775522708894,"y":-0.06945008039474487,"z":0.009856753051280976,"w":-0.9876416325569153},"size":46.93512725830078,"orthographic":true}