{"cameraMode":{"drawMode":0,"name":"Shaded","section":"Shading Mode"},"sceneLighting":true,"audioPlay":false,"sceneViewState":{"m_AlwaysRefresh":false,"showFog":true,"showSkybox":true,"showFlares":true,"showImageEffects":true,"showParticleSystems":true,"showVisualEffectGraphs":true,"m_FxEnabled":false},"in2DMode":false,"pivot":{"x":123.27244567871094,"y":32.14754867553711,"z":-28.243864059448243},"rotation":{"x":-0.05877179279923439,"y":0.0065838792361319069,"z":-0.0004082746454514563,"w":-0.9982334971427918},"size":171.18446350097657,"orthographic":true}