{"cameraMode":{"drawMode":0,"name":"Shaded","section":"Shading Mode"},"sceneLighting":true,"audioPlay":false,"sceneViewState":{"m_AlwaysRefresh":false,"showFog":true,"showSkybox":true,"showFlares":true,"showImageEffects":true,"showParticleSystems":true,"showVisualEffectGraphs":true,"m_FxEnabled":false},"in2DMode":false,"pivot":{"x":47.00991439819336,"y":11.359546661376954,"z":0.23455244302749635},"rotation":{"x":0.001190965878777206,"y":-0.005404107738286257,"z":-0.00000572586759517435,"w":-0.9999874234199524},"size":10.632831573486329,"orthographic":true}